[
	{"name":"Icytower", "text":"Dzięki chłopcze za uratowanie życia"},
	{"name":"Icytower", "text":"Gdyby nie ty, mogłoby to się różnie skończyć"},
	{"name":"Ictower", "text":"Jestem w stanie się jakoś odwdzięczyć?"},
	{"name":"Marek", "text":"Przyjechałem do Leżajska na TechQuesta i wydaje mi sie, że się zgubiłem"},
	{"name":"Marek", "text":"Wiesz może gdzie znajduje się ZST?"},
	{"name":"Icytower", "text":"Nie wiem dokładnie, ale widziałem, że dużo osób szło wzdłuż tej drogi"},
	{"name":"Icytower", "text":"Może tam będzie się odbywał ten TechQuest"},
	{"name":"Marek", "text":"Dzięki wielkie"},
]
